0x2ec0e,𮰎,1
0x2ec18,𮰘,1
0x2ec43,𮱃,1
0x2ec61,𮱡,1
0x2ec6e,𮱮,1
0x2ec6f,𮱯,4
0x2ec8a,𮲊,1
0x2ecb9,𮲹,1
0x2ecc3,𮳃,16
0x2ece3,𮳣,1
0x2ed3e,𮴾,1
0x2ed8b,𮶋,1
0x2ed92,𮶒,3
0x2ed9c,𮶜,1
0x2eda3,𮶣,1
0x2edc9,𮷉,1
0x2ede7,𮷧,9
0x2edf6,𮷶,6
0x2ee39,𮸹,1
0x2ee5c,𮹜,1
0x30035,𰀵,1
0x30076,𰁶,1
0x30086,𰂆,1
0x3008b,𰂋,1
0x3009c,𰂜,1
0x3009f,𰂟,2
0x300a3,𰂣,2
0x300ac,𰂬,25
0x300c5,𰃅,1
0x300ce,𰃎,52
0x300e6,𰃦,1
0x300f9,𰃹,1
0x3010e,𰄎,1
0x3012f,𰄯,1
0x3014d,𰅍,11
0x30169,𰅩,2
0x3016d,𰅭,1
0x30177,𰅷,17
0x30198,𰆘,1
0x301c2,𰇂,1
0x30204,𰈄,1
0x30208,𰈈,1
0x3020d,𰈍,1
0x3022d,𰈭,1
0x30244,𰉄,1
0x3024d,𰉍,1
0x30251,𰉑,1
0x30260,𰉠,1
0x30262,𰉢,1
0x30266,𰉦,1
0x3026b,𰉫,1
0x3026f,𰉯,1
0x30272,𰉲,1
0x3027a,𰉺,1
0x3028a,𰊊,3
0x302a2,𰊢,1
0x302aa,𰊪,1
0x302b7,𰊷,1
0x30319,𰌙,1
0x30324,𰌤,1
0x30336,𰌶,1
0x30345,𰍅,24
0x30357,𰍗,3
0x30362,𰍢,1
0x30370,𰍰,1
0x30372,𰍲,3
0x30376,𰍶,1
0x30377,𰍷,1
0x30378,𰍸,1
0x3037e,𰍾,1
0x3039c,𰎜,1
0x303b7,𰎷,1
0x303d4,𰏔,1
0x303d6,𰏖,1
0x303fd,𰏽,1
0x30408,𰐈,1
0x3040c,𰐌,1
0x30417,𰐗,1
0x3043c,𰐼,1
0x3046f,𰑯,3
0x30479,𰑹,1
0x30491,𰒑,5
0x304ab,𰒫,1
0x304b7,𰒷,1
0x304b8,𰒸,2
0x304c9,𰓉,1
0x304e8,𰓨,1
0x304f7,𰓷,1
0x30523,𰔣,1
0x30524,𰔤,16
0x3052a,𰔪,1
0x30563,𰕣,2
0x30568,𰕨,1
0x30576,𰕶,1
0x3057c,𰕼,1
0x30581,𰖁,2
0x3058d,𰖍,9
0x305bd,𰖽,1
0x305c9,𰗉,1
0x305cb,𰗋,1
0x305d1,𰗑,1
0x305e3,𰗣,1
0x305e7,𰗧,1
0x305f2,𰗲,1
0x30602,𰘂,1
0x30612,𰘒,1
0x30649,𰙉,1
0x30654,𰙔,66
0x30657,𰙗,14
0x30658,𰙘,1
0x30683,𰚃,3
0x30686,𰚆,7
0x30687,𰚇,69
0x30691,𰚑,2
0x3069e,𰚞,1
0x306a3,𰚣,1
0x306be,𰚾,20
0x306ce,𰛎,6
0x306d1,𰛑,1
0x306dc,𰛜,1
0x30705,𰜅,1
0x3070f,𰜏,1
0x30723,𰜣,1
0x3072e,𰜮,11
0x30733,𰜳,1
0x30735,𰜵,4
0x30736,𰜶,1
0x30738,𰜸,3
0x30739,𰜹,15
0x30741,𰝁,1
0x30742,𰝂,31
0x30747,𰝇,1
0x3074b,𰝋,1
0x30750,𰝐,3
0x30756,𰝖,1
0x3075c,𰝜,1
0x30762,𰝢,1
0x30767,𰝧,1
0x30769,𰝩,45
0x30794,𰞔,1
0x3079c,𰞜,5
0x307b7,𰞷,1
0x307c6,𰟆,1
0x307d0,𰟐,2
0x307d9,𰟙,1
0x307da,𰟚,1
0x307e9,𰟩,1
0x307ec,𰟬,2
0x307ed,𰟭,1
0x307f3,𰟳,126
0x307fb,𰟻,1
0x307fd,𰟽,1
0x30803,𰠃,1
0x3080a,𰠊,1
0x30819,𰠙,1
0x30828,𰠨,1
0x30838,𰠸,12
0x3083e,𰠾,1
0x30840,𰡀,6
0x30849,𰡉,1
0x3084e,𰡎,1
0x30857,𰡗,2
0x3086d,𰡭,1
0x3086e,𰡮,1
0x30885,𰢅,1
0x30886,𰢆,1
0x30887,𰢇,1
0x30895,𰢕,2
0x30896,𰢖,1
0x3089a,𰢚,1
0x308a2,𰢢,1
0x308a7,𰢧,1
0x308b6,𰢶,1
0x308be,𰢾,3
0x308ca,𰣊,1
0x308cd,𰣍,12
0x308ce,𰣎,359
0x30911,𰤑,5
0x30938,𰤸,3
0x3093e,𰤾,159
0x30940,𰥀,1
0x3094d,𰥍,6
0x3094e,𰥎,2
0x30971,𰥱,32
0x3097d,𰥽,1
0x30992,𰦒,1
0x3099d,𰦝,65
0x309b7,𰦷,1
0x309b8,𰦸,1
0x309d7,𰧗,1
0x309ed,𰧭,1
0x309f3,𰧳,1
0x309f9,𰧹,2
0x30a02,𰨂,1
0x30a05,𰨅,4
0x30a0b,𰨋,1
0x30a0c,𰨌,1
0x30a13,𰨓,1
0x30a14,𰨔,1
0x30a15,𰨕,1
0x30a1b,𰨛,1
0x30a2c,𰨬,56
0x30a47,𰩇,2
0x30a49,𰩉,1
0x30a4b,𰩋,3
0x30a4d,𰩍,36
0x30a5b,𰩛,1
0x30a6c,𰩬,184
0x30a75,𰩵,2
0x30a76,𰩶,379
0x30a8a,𰪊,1
0x30aa4,𰪤,1
0x30aae,𰪮,2
0x30acf,𰫏,1
0x30ad9,𰫙,1
0x30adb,𰫛,7
0x30ae4,𰫤,1
0x30ae8,𰫨,2
0x30af7,𰫷,12
0x30afd,𰫽,1
0x30b08,𰬈,3
0x30b18,𰬘,1
0x30b29,𰬩,2
0x30b4c,𰭌,1
0x30b4e,𰭎,1
0x30b75,𰭵,7
0x30b92,𰮒,1
0x30b95,𰮕,1
0x30b9f,𰮟,1
0x30ba2,𰮢,1
0x30bc2,𰯂,1
0x30bc9,𰯉,1
0x30bcc,𰯌,4
0x30bd0,𰯐,1
0x30bd8,𰯘,1
0x30bda,𰯚,2
0x30bdd,𰯝,1
0x30bdf,𰯟,1
0x30be0,𰯠,1
0x30be8,𰯨,2
0x30be9,𰯩,2
0x30bf3,𰯳,1
0x30c28,𰰨,2
0x30c2d,𰰭,1
0x30c48,𰱈,3
0x30c65,𰱥,1
0x30c75,𰱵,2
0x30c7c,𰱼,1
0x30c80,𰲀,1
0x30c83,𰲃,1
0x30c85,𰲅,3
0x30ca9,𰲩,1
0x30cac,𰲬,1
0x30cc8,𰳈,2
0x30cde,𰳞,2
0x30cdf,𰳟,2
0x30d00,𰴀,1
0x30d02,𰴂,1
0x30d1f,𰴟,1
0x30d2b,𰴫,1
0x30d3c,𰴼,1
0x30d51,𰵑,1
0x30d67,𰵧,5
0x30d74,𰵴,1
0x30d96,𰶖,51
0x30da9,𰶩,1
0x30db5,𰶵,1
0x30de3,𰷣,1
0x30dfe,𰷾,9
0x30e05,𰸅,2
0x30e09,𰸉,6
0x30e12,𰸒,1
0x30e19,𰸙,2
0x30e1a,𰸚,1
0x30e1b,𰸛,2
0x30e1e,𰸞,1
0x30e22,𰸢,1
0x30e40,𰹀,4
0x30e48,𰹈,1
0x30e5e,𰹞,1
0x30ea3,𰺣,1
0x30eb7,𰺷,1
0x30ec4,𰻄,1
0x30ecb,𰻋,3
0x30ee0,𰻠,1
0x30eeb,𰻫,1
0x30eed,𰻭,1
0x30ef9,𰻹,11
0x30f0d,𰼍,1
0x30f21,𰼡,1
0x30f27,𰼧,1
0x30f44,𰽄,13
0x30f45,𰽅,1
0x30f52,𰽒,2
0x30fa0,𰾠,3
0x30fbd,𰾽,1
0x30fd7,𰿗,1
0x30fda,𰿚,5
0x30fde,𰿞,1
0x30ff4,𰿴,1
0x30ffe,𰿾,2
0x31006,𱀆,2
0x31011,𱀑,1
0x31012,𱀒,2
0x31020,𱀠,9
0x3102f,𱀯,1
0x31035,𱀵,3
0x31036,𱀶,2
0x31040,𱁀,2
0x31076,𱁶,5
0x3107d,𱁽,1
0x3109d,𱂝,1
0x3109f,𱂟,5
0x310ad,𱂭,1
0x310bd,𱂽,1
0x310c0,𱃀,1
0x310cd,𱃍,1
0x310d3,𱃓,1
0x310d6,𱃖,2
0x310da,𱃚,2
0x310e0,𱃠,1
0x310e5,𱃥,1
0x310e6,𱃦,1
0x310ea,𱃪,2
0x3111d,𱄝,1
0x31123,𱄣,1
0x31124,𱄤,1
0x31133,𱄳,1
0x3114d,𱅍,4
0x3115c,𱅜,1
0x31174,𱅴,1
0x311ac,𱆬,1
0x311ae,𱆮,1
0x311d0,𱇐,2
0x311d6,𱇖,1
0x311f5,𱇵,2
0x311ff,𱇿,1
0x31200,𱈀,1
0x31208,𱈈,1
0x3120b,𱈋,1
0x3120f,𱈏,1
0x3121a,𱈚,2
0x3121f,𱈟,1
0x31237,𱈷,1
0x31246,𱉆,8
0x312b4,𱊴,1
0x312c2,𱋂,1
0x312d0,𱋐,36
0x312df,𱋟,3
0x312f3,𱋳,2
0x312f9,𱋹,1
0x31303,𱌃,2
0x31307,𱌇,1
0x3130f,𱌏,1
0x3131b,𱌛,1
0x31321,𱌡,2
0x31348,𱍈,3
0x3134a,𱍊,1
0x3136b,𱍫,1
0x31379,𱍹,1
0x3139a,𱎚,1
0x3139b,𱎛,3
0x3139c,𱎜,2
0x313a7,𱎧,1
0x313ba,𱎺,2
0x313bf,𱎿,3
0x313ca,𱏊,1
0x3140d,𱐍,54
0x31414,𱐔,1
0x31426,𱐦,4
0x3142e,𱐮,1
0x31431,𱐱,1
0x3144e,𱑎,2
0x314a5,𱒥,1
0x314b1,𱒱,1
0x314c5,𱓅,2
0x314e9,𱓩,1
0x314ec,𱓬,1
0x314f8,𱓸,1
0x31520,𱔠,2
0x31521,𱔡,1
0x31550,𱕐,2
0x3158c,𱖌,1
0x3158d,𱖍,1
0x31591,𱖑,1
0x31597,𱖗,3
0x315af,𱖯,1
0x315d0,𱗐,3
0x315d9,𱗙,4
0x315da,𱗚,1
0x315ee,𱗮,1
0x315f7,𱗷,1
0x31605,𱘅,1
0x31621,𱘡,1
0x31641,𱙁,1
0x3164d,𱙍,4
0x31671,𱙱,3
0x31689,𱚉,1
0x31694,𱚔,4
0x3169c,𱚜,1
0x316a2,𱚢,1
0x316a7,𱚧,1
0x316b8,𱚸,1
0x316c9,𱛉,1
0x316cb,𱛋,2
0x316f9,𱛹,2
0x31700,𱜀,1
0x31701,𱜁,1
0x31707,𱜇,1
0x31735,𱜵,1
0x31743,𱝃,4
0x3174a,𱝊,2
0x3174d,𱝍,3
0x31761,𱝡,2
0x3176f,𱝯,2
0x31771,𱝱,2
0x317a9,𱞩,1
0x317b7,𱞷,1
0x317bb,𱞻,1
0x317ca,𱟊,3
0x317f9,𱟹,1
0x317fa,𱟺,1
0x31822,𱠢,5
0x31839,𱠹,1
0x31842,𱡂,1
0x31858,𱡘,2
0x31879,𱡹,1
0x3187e,𱡾,1
0x31883,𱢃,2
0x3188d,𱢍,1
0x318ae,𱢮,1
0x318db,𱣛,10
0x318dd,𱣝,2
0x318de,𱣞,1
0x318e2,𱣢,1
0x318e5,𱣥,1
0x318e7,𱣧,3
0x318f5,𱣵,130
0x318fe,𱣾,7
0x318ff,𱣿,1
0x31907,𱤇,2
0x31910,𱤐,1
0x31916,𱤖,1
0x31997,𱦗,2
0x319a1,𱦡,1
0x319a8,𱦨,1
0x319b5,𱦵,1
0x319d1,𱧑,1
0x319fd,𱧽,11
0x31a11,𱨑,4
0x31a1d,𱨝,1
0x31a3a,𱨺,1
0x31a44,𱩄,1
0x31a54,𱩔,1
0x31a67,𱩧,7
0x31a73,𱩳,3
0x31a9d,𱪝,4
0x31aac,𱪬,30
0x31ab3,𱪳,1
0x31b05,𱬅,1
0x31b29,𱬩,1
0x31b3d,𱬽,1
0x31b4f,𱭏,1
0x31b84,𱮄,1
0x31b85,𱮅,1
0x31b92,𱮒,4
0x31bb8,𱮸,2
0x31bba,𱮺,1
0x31bbe,𱮾,3
0x31bbf,𱮿,1
0x31bcb,𱯋,5
0x31bef,𱯯,1
0x31bf3,𱯳,5
0x31c09,𱰉,1
0x31c33,𱰳,1
0x31c50,𱱐,1
0x31c5c,𱱜,1
0x31c72,𱱲,1
0x31c87,𱲇,1
0x31c88,𱲈,1
0x31c8b,𱲋,1
0x31c92,𱲒,1
0x31c9b,𱲛,3
0x31ca7,𱲧,2
0x31d10,𱴐,1
0x31d1b,𱴛,1
0x31d36,𱴶,2
0x31d3b,𱴻,1
0x31d3c,𱴼,5
0x31d44,𱵄,2
0x31d68,𱵨,1
0x31d85,𱶅,1
0x31d8a,𱶊,1
0x31d8c,𱶌,5
0x31d91,𱶑,2
0x31d93,𱶓,1
0x31d99,𱶙,1
0x31da7,𱶧,6
0x31dbe,𱶾,1
0x31dcc,𱷌,1
0x31ddb,𱷛,2
0x31dde,𱷞,2
0x31ddf,𱷟,1
0x31e07,𱸇,2
0x31e2d,𱸭,2
0x31e34,𱸴,2
0x31e8c,𱺌,3
0x31e98,𱺘,10
0x31ea1,𱺡,1
0x31ebb,𱺻,1
0x31ec7,𱻇,1
0x31ef8,𱻸,3
0x31efb,𱻻,1
0x31eff,𱻿,3
0x31f05,𱼅,1
0x31f08,𱼈,4
0x31f11,𱼑,1
0x31f18,𱼘,1
0x31f1d,𱼝,1
0x31f22,𱼢,1
0x31f36,𱼶,1
0x31f4d,𱽍,20
0x31f4f,𱽏,5
0x31f5a,𱽚,1
0x31f5b,𱽛,2
0x31f5c,𱽜,2
0x31f60,𱽠,1
0x31f6f,𱽯,1
0x31f96,𱾖,3
0x31fa7,𱾧,1
0x31fba,𱾺,1
0x3202e,𲀮,2
0x32062,𲁢,1
0x32064,𲁤,39
0x32070,𲁰,5
0x32072,𲁲,1
0x32074,𲁴,1
0x32085,𲂅,1
0x32088,𲂈,1
0x320bc,𲂼,1
0x320cf,𲃏,1
0x320eb,𲃫,1
0x320ee,𲃮,1
0x3210a,𲄊,1
0x32133,𲄳,19
0x32137,𲄷,3
0x3213a,𲄺,1
0x32146,𲅆,1
0x32174,𲅴,1
0x3217e,𲅾,1
0x32182,𲆂,1
0x32195,𲆕,1
0x32199,𲆙,1
0x321a6,𲆦,1
0x321c7,𲇇,1
0x321d2,𲇒,1
0x321d5,𲇕,2
0x321da,𲇚,1
0x321e4,𲇤,1
0x3220a,𲈊,1
0x3222c,𲈬,1
0x32238,𲈸,1
0x32244,𲉄,1
0x32255,𲉕,4
0x3227f,𲉿,2
0x322b5,𲊵,2
0x322bf,𲊿,3
0x322e3,𲋣,1
0x322f5,𲋵,1
0x322fc,𲋼,3
0x32302,𲌂,4
0x32303,𲌃,4
0x3231a,𲌚,1
0x3238e,𲎎,1
